,annotation_index,index,sentence,label,gender,A1,A2,A3,keep,agreement,correct,incorrect,
0,0,201,It is interesting and fun to see Goodall and her chimpanzees on the bigger-than-life screen .,0.78,femm,1,1,1,True,3,3,0,
1,1,742,( Fessenden ) is much more into ambiguity and creating mood than he is for on screen thrills,0.62,masc,1,1,1,True,3,3,0,
5,5,4941,"White has n't developed characters so much as caricatures , one-dimensional buffoons that get him a few laughs but nothing else .",0.29,masc,1,1,1,True,3,3,0,
6,6,37,"Though it is by no means his best work , Laissez-Passer is a distinguished and distinctive effort by a bona-fide master , a fascinating film replete with rewards to be had by all willing to make the effort to reap them .",0.65,masc,0,1,1,True,2,2,1,
10,10,1028,"The Bourne Identity should n't be half as entertaining as it is , but director Doug Liman and his colleagues have managed to pack it with enough action to satisfy the boom-bam crowd without a huge sacrifice of character and mood .",0.78,masc,1,1,1,True,3,3,0,
11,11,5381,"It gives poor Dana Carvey nothing to do that is really funny , and then expects us to laugh because he acts so goofy all the time .",0.35,masc,0,1,1,True,2,2,1,
12,12,7886,"Lyne 's latest , the erotic thriller Unfaithful , further demonstrates just how far his storytelling skills have eroded .",0.25,masc,1,1,1,True,3,3,0,
13,13,104,She allows each character to confront their problems openly and honestly .,0.72,femm,1,1,1,True,3,3,0,
17,17,1804,"None of his actors stand out , but that 's less of a problem here than it would be in another film : Characterization matters less than atmosphere .",0.42,masc,1,1,1,True,3,3,0,
18,18,6486,"( The kid 's ) just too bratty for sympathy , and as the film grows to its finale , his little changes ring hollow .",0.39,masc,0,1,1,True,2,2,1,
19,19,449,"Only an epic documentary could get it all down , and Spike Lee 's Jim Brown : All American at long last gives its subject a movie worthy of his talents .",0.94,masc,1,1,1,True,3,3,0,
22,22,614,"Branagh , in his most forceful non-Shakespeare screen performance , grounds even the softest moments in the angry revolt of his wit .",0.67,masc,1,1,1,True,3,3,0,
24,24,278,"Even if you do n't think ( Kissinger 's ) any more guilty of criminal activity than most contemporary statesmen , he 'd sure make a courtroom trial great fun to watch .",0.67,masc,0,1,1,True,2,2,1,
25,25,7164,"The following things are not at all entertaining : The bad sound , the lack of climax and , worst of all , watching Seinfeld ( who is also one of the film 's producers ) do everything he can to look like a good guy .",0.18,masc,0,1,1,True,2,2,1,
27,27,463,Not too far below the gloss you can still feel director Denis Villeneuve 's beating heart and the fondness he has for his characters .,0.78,masc,1,1,1,True,3,3,0,
29,29,2947,"Davis ' candid , archly funny and deeply authentic take on intimate relationships comes to fruition in her sophomore effort .",0.61,femm,1,1,1,True,3,3,0,
30,30,760,"Director Benoit Jacquot , making his first opera-to-film translation with Tosca , conveys the heaving passion of Puccini 's famous love-jealousy - murder-suicide fandango with great cinematic innovation .",0.91,masc,1,1,1,True,3,3,0,
32,32,54,"Sandra Nettelbeck beautifully orchestrates the transformation of the chilly , neurotic , and self-absorbed Martha as her heart begins to open .",0.79,femm,0,1,1,True,2,2,1,
33,33,28,It helps that Lil Bow Wow ... tones down his pint-sized gangsta act to play someone who resembles a real kid .,0.76,masc,1,1,1,True,3,3,0,
34,34,2851,"It 's a hoot watching The Rock chomp on jumbo ants , pull an arrow out of his back , and leap unscathed through raging fire !",0.82,masc,1,1,1,True,3,3,0,
35,35,3052,Gone are the flamboyant mannerisms that are the trademark of several of his performances .,0.51,masc,1,1,1,True,3,3,0,
38,38,6378,"( Soderbergh ) tends to place most of the psychological and philosophical material in italics rather than trust an audience 's intelligence , and he creates an overall sense of brusqueness .",0.38,masc,1,1,1,True,3,3,0,
39,39,7365,Real-life strongman Ahola lacks the charisma and ability to carry the film on his admittedly broad shoulders .,0.28,masc,1,1,1,True,3,3,0,
40,40,1398,"A sensual performance from Abbass buoys the flimsy story , but her inner journey is largely unexplored and we 're left wondering about this exotic-looking woman whose emotional depths are only hinted at .",0.62,femm,1,1,1,True,3,3,0,
41,41,4188,"The trouble with making this queen a thoroughly modern maiden is that it also makes her appear foolish and shallow rather than , as was more likely , a victim of mental illness .",0.29,femm,1,1,1,True,3,3,0,
42,42,821,"Grant gets to display his cadness to perfection , but also to show acting range that may surprise some who thought light-hearted comedy was his forte .",0.75,masc,1,1,1,True,3,3,0,
43,43,1991,"Johnson has , in his first film , set himself a task he is not nearly up to .",0.5,masc,1,1,1,True,3,3,0,
44,44,2930,"It 's enough to watch Huppert scheming , with her small , intelligent eyes as steady as any noir villain , and to enjoy the perfectly pitched web of tension that Chabrol spins .",0.71,femm,1,1,1,True,3,3,0,
45,45,663,"With youthful high spirits , Tautou remains captivating throughout Michele 's religious and romantic quests , and she is backed by a likable cast .",0.75,femm,1,1,1,True,3,3,0,
46,46,1860,Jolie 's performance vanishes somewhere between her hair and her lips .,0.35,femm,1,1,1,True,3,3,0,
47,47,3092,Maggie G. makes an amazing breakthrough in her first starring role and eats up the screen .,0.9,femm,1,1,1,True,3,3,0,
48,48,689,"Like Kubrick , Soderbergh is n't afraid to try any genre and to do it his own way .",0.72,masc,1,1,1,True,3,3,0,
51,51,1867,"While Benigni ( who stars and co-wrote ) seems to be having a wonderful time , he might be alone in that .",0.32,masc,1,1,1,True,3,3,0,
53,53,6659,"Nicks refuses to let Slackers be seen as just another teen movie , which means he can be forgiven for frequently pandering to fans of the gross-out comedy .",0.62,masc,1,1,1,True,3,3,0,
54,54,2465,He watches them as they float within the seas of their personalities .,0.62,masc,0,1,1,True,2,2,1,
55,55,5560,"On top of a foundering performance , ( Madonna 's ) denied her own athleticism by lighting that emphasizes every line and sag .",0.28,femm,1,1,1,True,3,3,0,
56,56,1154,"Yes , one enjoys seeing Joan grow from awkward young woman to strong , determined monarch , but her love for the philandering Philip only diminishes her stature .",0.58,femm,1,1,1,True,3,3,0,
57,57,240,"His characters are engaging , intimate and the dialogue is realistic and greatly moving .",0.83,masc,1,1,1,True,3,3,0,
58,58,834,"Miller is playing so free with emotions , and the fact that children are hostages to fortune , that he makes the audience hostage to his swaggering affectation of seriousness .",0.79,masc,1,1,1,True,3,3,0,
59,59,2621,"It 's up to ( Watts ) to lend credibility to this strange scenario , and her presence succeeds in making us believe .",0.72,femm,1,1,1,True,3,3,0,
61,61,5566,One of the more glaring signs of this movie 's servitude to its superstar is the way it skirts around any scenes that might have required genuine acting from Ms. Spears .,0.18,femm,0,1,1,True,2,2,1,
63,63,600,"... ambition is in short supply in the cinema , and Egoyan tackles his themes and explores his characters ' crises with seriousness and compassion .",0.64,masc,1,1,1,True,3,3,0,
65,65,427,"Long after you leave Justine , you 'll be wondering what will happen to her and wishing her the best -- whatever that might mean .",0.6,femm,1,1,1,True,3,3,0,
66,66,789,"Cho 's fearless in picking apart human foibles , not afraid to lay her life bare in front of an audience .",0.82,femm,1,1,1,True,3,3,0,
67,67,2756,Ali 's graduation from little screen to big is far less painful than his opening scene encounter with an over-amorous terrier .,0.49,masc,1,1,1,True,3,3,0,
73,73,2448,"This odd , poetic road movie , spiked by jolts of pop music , pretty much takes place in Morton 's ever-watchful gaze -- and it 's a tribute to the actress , and to her inventive director , that the journey is such a mesmerizing one .",0.82,femm,0,1,1,True,2,2,1,
74,74,40,"Newton draws our attention like a magnet , and acts circles around her better known co-star , Mark Wahlberg .",0.9,femm,1,1,1,True,3,3,0,
76,76,2263,Ms. Hutchins is talented enough and charismatic enough to make us care about Zelda 's ultimate fate .,0.85,femm,1,1,1,True,3,3,0,
78,78,8128,"No matter how much he runs around and acts like a doofus , accepting a 50-year-old in the role is creepy in a Michael Jackson sort of way .",0.28,masc,1,1,1,True,3,3,0,
81,81,5321,"Oops , she 's really done it this time .",0.58,femm,1,1,1,True,3,3,0,
84,84,5428,"Morrissette has performed a difficult task indeed - he 's taken one of the world 's most fascinating stories and made it dull , lifeless , and irritating .",0.28,masc,1,1,1,True,3,3,0,
85,85,2989,"Nicole Holofcener 's Lovely and Amazing , from her own screenplay , jumps to the head of the class of women 's films that manage to avoid the ghetto of sentimental chick-flicks by treating female follies with a satirical style .",0.85,femm,1,1,1,True,3,3,0,
88,88,90,Allen shows he can outgag any of those young whippersnappers making moving pictures today .,0.76,masc,1,1,1,True,3,3,0,
90,90,1107,"When ( De Palma 's ) bad , he 's really bad , and Femme Fatale ranks with the worst he has done .",0.1,masc,1,1,1,True,3,3,0,
93,93,2514,"Argento , at only 26 , brings a youthful , out-to-change-the-world aggressiveness to the project , as if she 's cut open a vein and bled the raw film stock .",0.72,femm,1,1,1,True,3,3,0,
95,95,3676,"( Shyamalan ) continues to cut a swathe through mainstream Hollywood , while retaining an integrity and refusing to compromise his vision .",0.78,masc,1,1,1,True,3,3,0,
96,96,3349,"Berling and BÃ©art ... continue to impress , and Isabelle Huppert ... again shows uncanny skill in getting under the skin of her characters .",0.64,femm,0,1,1,True,2,2,1,
97,97,276,"Audrey Tatou has a knack for picking roles that magnify her outrageous charm , and in this literate French comedy , she 's as morning-glory exuberant as she was in AmÃ©lie .",0.72,femm,1,1,1,True,3,3,0,
101,101,7922,"We assume he had a bad run in the market or a costly divorce , because there is no earthly reason other than money why this distinguished actor would stoop so low .",0.17,masc,1,1,1,True,3,3,0,
102,102,5257,"But even then , I 'd recommend waiting for DVD and just skipping straight to her scenes .",0.38,femm,0,1,1,True,2,2,1,
103,103,7426,Some Like It Hot on the Hardwood proves once again that a man in drag is not in and of himself funny .,0.32,masc,1,0,1,True,2,2,1,
104,104,345,"The Pianist is a fine valedictory work for Polanski , made richer by his own experiences , making his other movies somehow richer in the bargain .",0.71,masc,1,1,1,True,3,3,0,
105,105,2301,"With few respites , Marshall keeps the energy humming , and his edits , unlike those in Moulin Rouge , are crisp and purposeful without overdoing it .",0.86,masc,1,1,1,True,3,3,0,
106,106,3237,Her performance moves between heartbreak and rebellion as she continually tries to accommodate to fit in and gain the unconditional love she seeks .,0.71,femm,1,1,1,True,3,3,0,
108,108,3002,"Chris Columbus ' sequel is faster , livelier and a good deal funnier than his original .",0.76,masc,1,1,1,True,3,3,0,
110,110,351,Bennett 's dramatization of her personal descent into post-breakup perdition has a morbid appeal that 's tough to shake .,0.53,femm,1,1,1,True,3,3,0,
114,114,6076,DeMeo is not without talent , he just needs better material .,0.5,masc,1,1,1,True,3,3,0
115,115,1196,"Nair stuffs the film with dancing , henna , ornamentation , and group song , but her narrative clichÃ©s and telegraphed episodes smell of old soap opera .",0.35,femm,1,1,1,True,3,3,0,
116,116,400,Bullock does a good job here of working against her natural likability .,0.69,femm,1,1,1,True,3,3,0,
117,117,2789,"Jackson tries to keep the plates spinning as best he can , but all the bouncing back and forth ca n't help but become a bit tedious -- even with the breathtaking landscapes and villainous varmints there to distract you from the ricocheting .",0.56,masc,1,1,1,True,3,3,0,
121,121,254,"Would be an unendurable viewing experience for this ultra-provincial New Yorker if 26-year-old Reese Witherspoon were not on hand to inject her pure fantasy character , Melanie Carmichael , with a massive infusion of old-fashioned Hollywood magic .",0.67,femm,1,0,1,True,2,2,1,
122,122,5938,"Sandra Bullock , despite downplaying her good looks , carries a little too much ai n't - she-cute baggage into her lead role as a troubled and determined homicide cop to quite pull off the heavy stuff .",0.28,femm,1,1,1,True,3,3,0,
124,124,432,"The level of maturity displayed by this 33-year-old first-time feature director is astonishing , considering her inexperience and her subject matter .",0.88,femm,1,1,1,True,3,3,0,
125,125,1785,"When she speaks , her creepy Egyptian demigod voice is as computer processed and overproduced as it was in her music .",0.14,femm,1,0,1,True,2,2,1,
126,126,3117,"You come away from his film overwhelmed , hopeful and , perhaps paradoxically , illuminated .",0.74,masc,1,1,1,True,3,3,0,
127,127,264,"As a witness to several Greek-American weddings -- but , happily , a victim of none -- I can testify to the comparative accuracy of Ms. Vardalos ' memories and insights .",0.72,femm,1,0,1,True,2,2,1,
129,129,454,The film has a terrific look and Salma Hayek has a feel for the character at all stages of her life .,0.81,femm,0,1,1,True,2,2,1,
130,130,2113,"the film belongs to the marvelous Verdu , a sexy slip of an earth mother who mourns her tragedies in private and embraces life in public",0.72,femm,1,1,1,True,3,3,0,
132,132,6494,"Carrying this wafer-thin movie on his nimble shoulders , Chan wades through putrid writing , direction and timing with a smile that says , ` If I stay positive , maybe I can channel one of my greatest pictures , Drunken Master . '",0.21,masc,1,1,1,True,3,3,0,
133,133,394,"Ana is a vivid , vibrant individual and the movie 's focus upon her makes it successful and accessible .",0.86,femm,1,1,1,True,3,3,0,
135,135,1354,"If you 're not a prepubescent girl , you 'll be laughing at Britney Spears ' movie-starring debut whenever it does n't have you impatiently squinting at your watch .",0.29,femm,1,0,1,True,2,2,1,
136,136,602,"Like Dickens with his passages , McGrath crafts quite moving scenes throughout his resolutely dramatic variation on the novel .",0.9,masc,1,0,1,True,2,2,1,
140,140,4680,Zellweger 's whiny pouty-lipped poof faced and spindly attempt at playing an ingenue makes her nomination as best actress even more of a an a,0.36,femm,1,1,1,True,3,3,0,
143,143,3053,"As Schmidt , Nicholson walks with a slow , deliberate gait , chooses his words carefully and subdues his natural exuberance .",0.56,masc,1,1,1,True,3,3,0,
144,144,1615,"Beers , who , when she 's given the right lines , can charm the paint off the wall ... ( but ) the script goes wrong at several key junctures .",0.4,femm,0,1,1,True,2,2,1,
145,145,4729,"Nohe has made a decent ` intro ' documentary , but he feels like a spectator and not a participant .",0.32,masc,1,1,1,True,3,3,0,
146,146,7622,"Ultimately , the film never recovers from the clumsy clichÃ© of the ugly American abroad , and the too-frosty exterior Ms. Paltrow employs to authenticate her British persona is another liability .",0.35,femm,0,1,1,True,2,2,1,
147,147,960,"There ought to be a directing license , so that Ed Burns can have his revoked .",0.17,masc,1,1,1,True,3,3,0,
148,148,4589,"None of this so-called satire has any sting to it , as if Woody is afraid of biting the hand that has finally , to some extent , warmed up to him .",0.38,masc,1,1,1,True,3,3,0,
150,150,5702,"Fincher takes no apparent joy in making movies , and he gives none to the audience .",0.24,masc,1,1,1,True,3,3,0,
152,152,7303,May puzzle his most ardent fans .,0.28,masc,1,1,1,True,3,3,0,
153,153,1288,"( Director ) Byler may yet have a great movie in him , but Charlotte Sometimes is only half of one .",0.32,masc,1,1,1,True,3,3,0,
154,154,1933,"Kwan makes the mix-and - match metaphors intriguing , while lulling us into torpor with his cultivated allergy to action .",0.36,masc,1,1,1,True,3,3,0,
155,155,2172,Birot 's directorial debut ( she co-wrote the script with Christophe HonorÃ© ) is n't so much bad as it is bland .,0.28,femm,1,1,1,True,3,3,0,
156,156,1998,"Nair 's cast is so large it 's Altman-esque , but she deftly spins the multiple stories in a vibrant and intoxicating fashion .",0.89,femm,1,1,1,True,3,3,0,
162,162,6002,"Seagal , who looks more like Danny Aiello these days , mumbles his way through the movie .",0.19,masc,1,1,1,True,3,3,0,
163,163,1534,"Ramsay succeeds primarily with her typical blend of unsettling atmospherics , delivering a series of abrasive , stylized sequences that burn themselves upon the viewer 's memory .",0.72,femm,1,1,1,True,3,3,0,
166,166,1199,"Might have been better off as a documentary , with less of Mr. Eyre 's uninspired dramatics and more of his sense of observation and outrage .",0.39,masc,0,1,1,True,2,2,1,
168,168,7168,Michele is a such a brainless flibbertigibbet that it 's hard to take her spiritual quest at all seriously .,0.25,femm,1,1,1,True,3,3,0,
171,171,1375,"Witherspoon puts to rest her valley-girl image , but it 's Dench who really steals the show .",0.58,femm,1,0,1,True,2,2,1,
175,175,2222,"Insomnia is one of the year 's best films and Pacino gives one of his most daring , and complicated , performances .",0.94,masc,1,1,1,True,3,3,0,
179,179,1258,Cho continues her exploration of the outer limits of raunch with considerable brio .,0.71,femm,1,1,1,True,3,3,0,
180,180,5732,Is there a group of more self-absorbed women than the mother and daughters featured in this film ?,0.12,femm,1,0,1,True,2,2,1,
181,181,622,"A memorable experience that , like many of his works , presents weighty issues colorfully wrapped up in his own idiosyncratic strain of kitschy goodwill .",0.72,masc,1,1,1,True,3,3,0,
182,182,184,"Britney has been delivered to the big screen safe and sound , the way we like our 20-year-old superstar girls to travel on the fame freeway .",0.76,femm,1,1,1,True,3,3,0,
183,183,2077,"Unfortunately , as a writer , Mr. Montias is n't nearly as good to his crew as he is as a director or actor .",0.31,masc,1,1,1,True,3,3,0,
185,185,8299,The movie is obviously a labour of love so Howard appears to have had free rein to be as pretentious as he wanted .,0.43,masc,0,1,1,True,2,2,1,
187,187,7968,Does anyone much think the central story of Brendan Behan is that he was a bisexual sweetheart before he took to drink ?,0.5,masc,0,1,1,True,2,2,1,
190,190,6043,Kurys seems intimidated by both her subject matter and the period trappings of this debut venture into the heritage business .,0.31,femm,1,1,1,True,3,3,0,
192,192,1435,"That ` Alabama ' manages to be pleasant in spite of its predictability and occasional slowness is due primarily to the perkiness of Witherspoon ( who is always a joy to watch , even when her material is not first-rate ) ...",0.67,femm,0,1,1,True,2,2,1,
196,196,4083,"While the ensemble player who gained notice in Guy Ritchie 's Lock , Stock and Two Smoking Barrels and Snatch has the bod , he 's unlikely to become a household name on the basis of his first starring vehicle .",0.39,masc,1,1,1,True,3,3,0,
199,199,7620,"Davis the performer is plenty fetching enough , but she needs to shake up the mix , and work in something that does n't feel like a half-baked stand-up routine .",0.43,femm,1,1,1,True,3,3,0,
200,200,998,"Ratliff 's two previous titles , Plutonium Circus and Purgatory County show his penchant for wry , contentious configurations , and this film is part of that delicate canon .",0.64,masc,1,1,1,True,3,3,0,
202,202,36,"Ms. Fulford-Wierzbicki is almost spooky in her sulky , calculating Lolita turn .",0.62,femm,1,1,1,True,3,3,0,
203,203,2039,cynical and serious look at teenage boys doing what they do best - being teenagers .,0.54,masc,0,1,1,True,2,2,1,
204,204,577,"We need ( Moore 's ) noisy , cocky energy , his passion and class consciousness ; we need his shticks , we need his stones .",0.61,masc,1,1,1,True,3,3,0,
206,206,829,A dream cast of solid female talent who build a seamless ensemble .,0.93,femm,1,1,1,True,3,3,0,
207,207,170,"For the first time in years , De Niro digs deep emotionally , perhaps because he 's been stirred by the powerful work of his co-stars .",0.65,masc,1,1,1,True,3,3,0,
208,208,1092,"Unlike his directorial efforts , La Femme Nikita and The Professional , The Transporter lacks Besson 's perspective as a storyteller .",0.33,masc,1,0,1,True,2,2,1,
210,210,1930,"She may not be real , but the laughs are .",0.82,femm,1,0,1,True,2,2,1,
212,212,4900,Howard conjures the past via surrealist flourishes so overwrought you 'd swear he just stepped out of a BuÃ±uel retrospective .,0.68,masc,1,0,1,True,2,2,1,
213,213,2517,"Though Jackson does n't always succeed in integrating the characters in the foreground into the extraordinarily rich landscape , it must be said that he is an imaginative filmmaker who can see the forest for the trees .",0.65,masc,1,1,1,True,3,3,0,
214,214,3590,Connoisseurs of Chinese film will be pleased to discover that Tian 's meticulous talent has not withered during his enforced hiatus .,0.72,masc,1,0,1,True,2,2,1,
216,216,519,"A depressing confirmation of everything those of us who do n't object to the description `` unelected '' have suspected all along : George W. Bush is an incurious , uncharismatic , overgrown frat boy with a mean streak a mile wide .",0.17,masc,0,1,1,True,2,2,1,
217,217,4407,"Brown 's saga , like many before his , makes for snappy prose but a stumblebum of a movie .",0.4,masc,0,1,1,True,2,2,1,
221,221,2731,"This film is so different from The Apple and so striking that it can only encourage us to see Samira Makhmalbaf as a very distinctive sensibility , working to develop her own film language with conspicuous success .",0.78,femm,1,0,1,True,2,2,1,
222,222,3541,"Works because we 're never sure if Ohlinger 's on the level or merely a dying , delusional man trying to get into the history books before he croaks .",0.49,masc,1,0,1,True,2,2,1,
223,223,149,"Unfortunately , it appears that ( Jackie ) Chan 's US influence is starting to show in his Hong Kong films .",0.42,masc,0,1,1,True,2,2,1,
224,224,1987,"Chicago offers much colorful eye candy , including the spectacle of Gere in his dancing shoes , hoofing and crooning with the best of them .",0.74,masc,1,0,1,True,2,2,1,
226,226,1004,"If you 're part of her targeted audience , you 'll cheer .",0.68,femm,0,1,1,True,2,2,1,
229,229,5145,"Howard and his co-stars all give committed performances , but they 're often undone by Howard 's self-conscious attempts to find a ` literary ' filmmaking style to match his subject .",0.33,masc,1,1,1,True,3,3,0,
231,231,1822,Naomi Watts is terrific as Rachel , her petite frame and vulnerable persona emphasising her plight and isolation .,0.78,femm,1,1,1,True,3,3,0
232,232,1694,"Lanie 's professional success means she must be a failure at life , because she 's driven by ambition and Does n't Know How to Have Fun .",0.35,femm,1,1,1,True,3,3,0,
234,234,8020,What a great shame that such a talented director as Chen Kaige has chosen to make his English-language debut with a film so poorly plotted and scripted .,0.17,masc,0,1,1,True,2,2,1,
237,237,7658,"... feels as if ( there 's ) a choke leash around your neck so director Nick Cassavetes can give it a good , hard yank whenever he wants you to feel something .",0.19,masc,0,1,1,True,2,2,1,
238,238,8542,"Her fans walked out muttering words like `` horrible '' and `` terrible , '' but had so much fun dissing the film that they did n't mind the ticket cost .",0.14,femm,1,0,1,True,2,2,1,
241,241,6563,"She 's a cipher , played by an actress who smiles and frowns but does n't reveal an inner life .",0.44,femm,1,1,1,True,3,3,0,
242,242,6489,"Scherfig , who has had a successful career in TV , tackles more than she can handle .",0.36,femm,1,0,1,True,2,2,1,
244,244,7452,The film 's hero is a bore and his innocence soon becomes a questionable kind of inexcusable dumb innocence .,0.21,masc,1,1,1,True,3,3,0,
245,245,311,"Asia authors herself as Anna Battista , an Italian superstar and aspiring directress who just happens to be her own worst enemy .",0.56,femm,1,1,1,True,3,3,0,
247,247,7087,"Even by the intentionally low standards of frat-boy humor , Sorority Boys is a bowser .",0.07,masc,0,1,1,True,2,2,1,
248,248,369,He allows his cast members to make creative contributions to the story and dialogue .,0.75,masc,1,1,1,True,3,3,0,
251,251,6943,"If there was any doubt that Peter O'Fallon did n't have an original bone in his body , A Rumor of Angels should dispel it .",0.18,masc,1,1,1,True,3,3,0,
253,253,2191,"Swimming is above all about a young woman 's face , and by casting an actress whose face projects that woman 's doubts and yearnings , it succeeds .",0.86,femm,1,0,1,True,2,2,1,
254,254,402,"The movie is hardly a masterpiece , but it does mark Ms. Bullock 's best work in some time .",0.62,femm,1,1,1,True,3,3,0,
255,255,470,"Hardly an objective documentary , but it 's great cinematic polemic ... love Moore or loathe him , you 've got to admire ... the intensity with which he 's willing to express his convictions .",0.85,masc,1,1,1,True,3,3,0,
256,256,293,A superbly acted and funny\/gritty fable of the humanizing of one woman at the hands of the unseen forces of fate .,0.72,femm,0,1,1,True,2,2,1,
259,259,3714,"He has improved upon the first and taken it a step further , richer and deeper .",0.75,masc,1,1,1,True,3,3,0,
263,263,594,Jacquot 's strategy allows his cast the benefit of being able to give full performances ... while demonstrating vividly that the beauty and power of the opera reside primarily in the music itself .,0.71,masc,0,1,1,True,2,2,1,
264,264,880,This is her Blue Lagoon .,0.42,femm,0,1,1,True,2,2,1,
265,265,2244,"The trick when watching Godard is to catch the pitch of his poetics , savor the pleasure of his sounds and images , and ponder the historical , philosophical , and ethical issues that intersect with them .",0.79,masc,1,1,1,True,3,3,0,
266,266,4762,It 's easy to love Robin Tunney -- she 's pretty and she can act -- but it gets harder and harder to understand her choices .,0.39,femm,1,1,1,True,3,3,0,
267,267,2879,"Lovely and Amazing is Holofcener 's deep , uncompromising curtsy to women she knows , and very likely is .",0.76,femm,1,0,1,True,2,2,1,
268,268,8117,"The histrionic muse still eludes Madonna and , playing a charmless witch , she is merely a charmless witch .",0.24,femm,1,1,1,True,3,3,0,
269,269,1345,"Writer\/director Walter Hill is in his hypermasculine element here , once again able to inject some real vitality and even art into a pulpy concept that , in many other hands would be completely forgettable .",0.76,masc,1,1,1,True,3,3,0,
275,275,1143,"She lists ingredients , but never mixes and stirs .",0.36,femm,1,1,1,True,3,3,0,
276,276,8186,It collapses when Mr. Taylor tries to shift the tone to a thriller 's rush .,0.25,masc,1,1,1,True,3,3,0,
277,277,1010,"Contrived as this may sound , Mr. Rose 's updating works surprisingly well .",0.78,masc,1,1,1,True,3,3,0,
278,278,687,"The film benefits greatly from a less manic tone than its predecessor , as Cho appears to have settled comfortably into her skin .",0.81,femm,1,0,1,True,2,2,1,
282,282,420,"Call it magic realism or surrealism , but Miss Wonton floats beyond reality with a certain degree of wit and dignity .",0.81,femm,1,1,1,True,3,3,0,
285,285,4894,"No matter how firmly director John Stainton has his tongue in his cheek , the fact remains that a wacky concept does not a movie make .",0.43,masc,1,0,1,True,2,2,1,
286,286,5130,You get the impression that writer and director Burr Steers knows the territory ... but his sense of humor has yet to lose the smug self-satisfaction usually associated with the better private schools .,0.32,masc,1,1,1,True,3,3,0,
291,291,7445,"When one hears Harry Shearer is going to make his debut as a film director , one would hope for the best",0.61,masc,1,1,1,True,3,3,0,
292,292,1058,"Lux , now in her eighties , does a great combination act as narrator , Jewish grandmother and subject -- taking us through a film that is part biography , part entertainment and part history .",0.83,femm,1,1,1,True,3,3,0,
294,294,806,Hawke draws out the best from his large cast in beautifully articulated portrayals that are subtle and so expressive they can sustain the poetic flights in Burdette 's dialogue .,0.96,masc,1,0,1,True,2,2,1,
295,295,7893,Maybe he was reading the minds of the audience .,0.62,masc,1,1,1,True,3,3,0,
296,296,936,"Novak manages to capture a cruelly hilarious vein of black comedy in the situation with his cast of non-actors and a gritty , no-budget approach .",0.85,masc,1,1,1,True,3,3,0,
298,298,2373,... fuses the events of her life with the imagery in her paintings so vividly that the artist 's work may take on a striking new significance for anyone who sees the film .,0.85,femm,1,1,1,True,3,3,0,
301,301,1382,The film runs on a little longer than it needs to -- Muccino either does n't notice when his story ends or just ca n't tear himself away from the characters -- but it 's smooth and professional .,0.35,masc,1,1,1,True,3,3,0,
303,303,821,"In his U.S. debut , Mr. Schnitzler proves himself a deft pace master and stylist .",0.86,masc,1,1,1,True,3,3,0,
305,305,5785,"Eastwood winces , clutches his chest and gasps for breath .",0.49,masc,1,1,1,True,3,3,0,
308,308,1447,"( Davis ) has a bright , chipper style that keeps things moving , while never quite managing to connect her wish-fulfilling characters to the human race .",0.67,femm,1,1,1,True,3,3,0,
309,309,4472,"LaBute ca n't avoid a fatal mistake in the modern era : He 's changed the male academic from a lower-class Brit to an American , a choice that upsets the novel 's exquisite balance and shreds the fabric of the film .",0.58,masc,1,1,1,True,3,3,0,
310,310,770,A worthy tribute to a great humanitarian and her vibrant ` co-stars . ',0.78,femm,0,1,1,True,2,2,1,
311,311,1404,"Whatever Eyre 's failings as a dramatist , he deserves credit for bringing audiences into this hard and bitter place .",0.64,masc,1,0,1,True,2,2,1,
313,313,7597,Poor Ben Bratt could n't find stardom if MapQuest emailed him point-to-point driving directions .,0.07,masc,1,1,1,True,3,3,0,
317,317,4282,"Imagine Kevin Smith , the blasphemous bad boy of suburban Jersey , if he were stripped of most of his budget and all of his sense of humor .",0.1,masc,0,1,1,True,2,2,1,
318,318,721,Maintains your sympathy for this otherwise challenging soul by letting you share her one-room world for a while .,0.72,femm,0,1,1,True,2,2,1,
320,320,491,Blanchett 's performance confirms her power once again .,0.89,femm,1,1,1,True,3,3,0,
321,321,5058,"The photographer 's show-don ` t-tell stance is admirable , but it can make him a problematic documentary subject .",0.47,masc,1,1,1,True,3,3,0,
322,322,4950,Could n't someone take Rob Schneider and have him switch bodies with a funny person ?,0.28,masc,1,1,1,True,3,3,0,
323,323,5781,"Godard uses his characters -- if that 's not too glorified a term -- as art things , mouthpieces , visual motifs , blanks .",0.35,masc,1,1,1,True,3,3,0,
324,324,898,"There 's a solid woman - finding-herself story somewhere in here , but you 'd have to dig pretty deep to uncover it .",0.42,femm,0,1,1,True,2,2,1,
325,325,4195,"J. Lo will earn her share of the holiday box office pie , although this movie makes one thing perfectly clear : She 's a pretty woman , but she 's no working girl .",0.62,femm,1,1,1,True,3,3,0,
326,326,8436,... the maudlin way its story unfolds suggests a director fighting against the urge to sensationalize his material .,0.31,masc,1,0,1,True,2,2,1,
327,327,4834,Wildly incompetent but brilliantly named Half Past Dead -- or for Seagal pessimists : Totally Past His Prime .,0.39,masc,1,0,1,True,2,2,1,
328,328,6336,... another example of how Sandler is losing his touch .,0.21,masc,1,1,1,True,3,3,0,
329,329,736,"Flavorful and romantic , you could call this How Martha Got Her Groove Back -- assuming , that is , she ever had one to begin with .",0.69,femm,1,1,1,True,3,3,0,
330,330,1031,Davis ... is so enamored of her own creation that she ca n't see how insufferable the character is .,0.24,femm,1,1,1,True,3,3,0,
331,331,4280,"Bigelow handles the nuclear crisis sequences evenly but milks drama when she should be building suspense , and drags out too many scenes toward the end that should move quickly .",0.24,femm,1,1,1,True,3,3,0,
332,332,5807,"( Janey ) forgets about her other obligations , leading to a tragedy which is somehow guessable from the first few minutes , maybe because it echoes the by now intolerable morbidity of so many recent movies .",0.24,femm,1,1,1,True,3,3,0,
334,334,2861,"Frei assembles a fascinating profile of a deeply humanistic artist who , in spite of all that he 's witnessed , remains surprisingly idealistic , and retains an extraordinary faith in the ability of images to communicate the truth of the world around him .",0.74,masc,0,1,1,True,2,2,1,
335,335,370,"This method almost never fails him , and it works superbly here .",0.82,masc,1,1,1,True,3,3,0,
336,336,8225,"his ( Nelson 's ) screenplay needs some serious re-working to show more of the dilemma , rather than have his characters stage shouting matches about it .",0.31,masc,1,1,1,True,3,3,0,
337,337,7009,"Richard Pryor mined his personal horrors and came up with a treasure chest of material , but Lawrence gives us mostly fool 's gold .",0.28,masc,1,0,1,True,2,2,1,
338,338,5448,"... Tara Reid plays a college journalist , but she looks like the six-time winner of the Miss Hawaiian Tropic Pageant , so I do n't know what she 's doing in here ...",0.35,femm,1,1,1,True,3,3,0,
339,339,3838,"From both a great and a terrible story , Mr. Nelson has made a film that is an undeniably worthy and devastating experience .",0.64,masc,1,1,1,True,3,3,0,
340,340,2132,"Even if Britney Spears is really cute , her movie is really bad .",0.28,femm,1,0,1,True,2,2,1,
341,341,6091,"Goldbacher draws on an elegant visual sense and a talent for easy , seductive pacing ... but she and writing partner Laurence Coriat do n't manage an equally assured narrative coinage .",0.78,femm,1,0,1,True,2,2,1,
342,342,880,Alan and his fellow survivors are idiosyncratic enough to lift the movie above its playwriting 101 premise .,0.62,masc,1,1,1,True,3,3,0,
343,343,6012,It 's obvious ( Je-Gyu is ) trying for poetry , what he gets instead has all the lyricism of a limerick scrawled in a public restroom .,0.42,masc,1,1,1,True,3,3,0
344,344,3221,"a bilingual charmer , just like the woman who inspired it",0.69,femm,0,1,1,True,2,2,1,
345,345,5718,"In the real world , an actor this uncharismatically beautiful would have a rÃ©sumÃ© loaded with credits like `` Girl in Bar # 3 . ''",0.36,femm,1,0,1,True,2,2,1,
346,346,3046,His work transcends the boy-meets-girl posturing of typical love stories .,0.76,masc,1,0,1,True,2,2,1,
347,347,5196,Schneidermeister ... Makin ' a fool of himself ... Losin ' his fan base ...,0.29,masc,1,1,1,True,3,3,0,
348,348,1508,So vivid a portrait of a woman consumed by lust and love and crushed by betrayal that it conjures up the intoxicating fumes and emotional ghosts of a freshly painted Rembrandt .,0.82,femm,0,1,1,True,2,2,1,
349,349,195,"My goodness , Queen Latifah has a lot to offer and she seemed to have no problem flaunting her natural gifts .",0.78,femm,1,1,1,True,3,3,0,
350,350,2888,"Ourside the theatre Roger might be intolerable company , but inside it he 's well worth spending some time with .",0.85,masc,1,0,1,True,2,2,1,
351,351,3336,Savvy director Robert J. Siegel and his co-writers keep the story subtle and us in suspense .,0.68,masc,1,1,1,True,3,3,0,
352,352,1325,"Davis is funny , charming and quirky in her feature film acting debut as Amy .",0.75,femm,1,1,1,True,3,3,0,
355,355,6757,But his showboating wise-cracker stock persona sure is getting old .,0.4,masc,1,1,1,True,3,3,0,
358,358,729,Caviezel embodies the transformation of his character completely .,0.78,masc,1,1,1,True,3,3,0,
359,359,5533,"Egoyan 's work often elegantly considers various levels of reality and uses shifting points of view , but here he has constructed a film so labyrinthine that it defeats his larger purpose .",0.4,masc,1,0,1,True,2,2,1,
360,360,7328,"Welles groupie\/scholar Peter Bogdanovich took a long time to do it , but he 's finally provided his own broadside at publishing giant William Randolph Hearst .",0.61,masc,1,0,1,True,2,2,1,
362,362,1398,Salma goes native and she 's never been better in this colorful bio-pic of a Mexican icon .,0.83,femm,1,1,1,True,3,3,0,
364,364,5105,"Mr. Goyer 's loose , unaccountable direction is technically sophisticated in the worst way .",0.17,masc,1,1,1,True,3,3,0,
365,365,1265,"As if trying to grab a lump of Play-Doh , the harder that Liman tries to squeeze his story , the more details slip out between his fingers .",0.26,masc,1,1,1,True,3,3,0,
366,366,6570,"She 's not yet an actress , not quite a singer ...",0.42,femm,1,1,1,True,3,3,0,
368,368,4432,"The movie is loaded with good intentions , but in his zeal to squeeze the action and our emotions into the all-too-familiar dramatic arc of the Holocaust escape story , Minac drains his movie of all individuality .",0.38,masc,1,0,1,True,2,2,1,
370,370,8164,Barney throws away the goodwill the first half of his movie generates by orchestrating a finale that is impenetrable and dull .,0.22,masc,1,0,1,True,2,2,1,
374,374,7608,"Ultimately , Jane learns her place as a girl , softens up and loses some of the intensity that made her an interesting character to begin with .",0.47,femm,1,1,1,True,3,3,0,
375,375,2160,( Newton ) wanders through CHARLIE completely unaware she needs to show some presence and star quality .,0.24,femm,1,1,1,True,3,3,0,
377,377,564,The best that can be said about the work here of Scottish director Ritchie ... is that he obviously does n't have his heart in it .,0.31,masc,1,1,1,True,3,3,0,
378,378,306,"For his first attempt at film noir , Spielberg presents a fascinating but flawed look at the near future .",0.64,masc,1,0,1,True,2,2,1,
380,380,4270,"It 's Tommy 's job to clean the peep booths surrounding her , and after viewing this one , you 'll feel like mopping up , too .",0.26,femm,1,1,1,True,3,3,0,
385,385,2011,"However clever Nelson has been in providing variation within the confines of her structure and staging , the question remains whether this should , indeed , have been presented as a theatrical release .",0.49,femm,1,0,1,True,2,2,1,
386,386,2070,"In ( screenwriter ) Charlie Kaufman 's world , truth and fiction are equally strange , and his for the taking .",0.42,masc,1,1,1,True,3,3,0,
387,387,2224,"I do n't know if Frailty will turn Bill Paxton into an A-list director , but he can rest contentedly with the knowledge that he 's made at least one damn fine horror movie .",0.67,masc,1,1,1,True,3,3,0,
388,388,6835,"Director-chef Gabriele Muccino keeps it fast -- zippy , comin ' at ya -- as if fearing that his film is molto superficiale .",0.46,masc,1,1,1,True,3,3,0,
389,389,2698,"Lee 's achievement extends to his supple understanding of the role that Brown played in American culture as an athlete , a movie star , and an image of black indomitability .",0.62,masc,1,1,1,True,3,3,0,
390,390,320,"He just wants them to be part of the action , the wallpaper of his chosen reality .",0.61,masc,1,1,1,True,3,3,0,
392,392,2123,"The filmmakers wisely decided to let Crocodile Hunter Steve Irwin do what he does best , and fashion a story around him .",0.65,masc,0,1,1,True,2,2,1,
396,396,7005,"Demme gets a lot of flavor and spice into his Charade remake , but he ca n't disguise that he 's spiffing up leftovers that are n't so substantial or fresh .",0.31,masc,1,1,1,True,3,3,0,
402,402,4404,"( Carvey 's ) characters are both overplayed and exaggerated , but then again , subtlety has never been his trademark .",0.18,masc,1,1,1,True,3,3,0,
404,404,4201,It 's a drag how Nettelbeck sees working women -- or at least this working woman -- for whom she shows little understanding .,0.11,femm,1,1,0,True,2,2,1,
408,408,1766,Damon brings the proper conviction to his role as ( Jason Bourne ) .,0.69,masc,1,1,1,True,3,3,0,
409,409,5284,"Ze movie starts out so funny , then she is nothing .",0.58,femm,1,0,1,True,2,2,1,
410,410,1039,"Gooding is the energetic frontman , and it 's hard to resist his enthusiasm , even if the filmmakers come up with nothing original in the way of slapstick sequences .",0.64,masc,1,0,1,True,2,2,1,
411,411,1755,"The problem is that rather than dramatizing this premise , Mr. Desplechin is content to state it .",0.44,masc,1,1,1,True,3,3,0,
414,414,5856,"For the future , one hopes Mr. Plympton will find room for one more member of his little band , a professional screenwriter .",0.04,masc,0,1,1,True,2,2,1,
416,416,3787,That Haynes can both maintain and dismantle the facades that his genre and his character construct is a wonderous accomplishment of veracity and narrative grace .,0.82,masc,1,1,1,True,3,3,0,
418,418,291,"Morton uses her face and her body language to bring us Morvern 's soul , even though the character is almost completely deadpan .",0.71,femm,1,1,1,True,3,3,0,
419,419,6065,A limp Eddie Murphy vehicle that even he seems embarrassed to be part of .,0.11,masc,1,0,1,True,2,2,1,
427,427,5320,"Once one experiences Mr. Haneke 's own sadistic tendencies toward his audience , one is left with a sour taste in one 's mouth , and little else .",0.07,masc,1,1,1,True,3,3,0,
428,428,1230,But he loses his focus when he concentrates on any single person .,0.22,masc,1,1,1,True,3,3,0,
429,429,7060,Demme finally succeeds in diminishing his stature from Oscar-winning master to lowly studio hack .,0.39,masc,1,1,1,True,3,3,0,
430,430,508,"Though few will argue that it ranks with the best of Herzog 's works , Invincible shows he 's back in form , with an astoundingly rich film .",0.94,masc,1,1,1,True,3,3,0,
431,431,1412,But that 's just the problem with it - the director has n't added enough of his own ingredients .,0.38,masc,1,1,1,True,3,3,0,
433,433,3903,Campanella 's competent direction and his excellent cast overcome the obstacles of a predictable outcome and a screenplay that glosses over Rafael 's evolution .,0.72,masc,1,0,1,True,2,2,1,
434,434,1604,"With Spy Kids 2 : The Island of Lost Dreams , however , Robert Rodriguez adorns his family-film plot with an elegance and maturity that even most contemporary adult movies are lacking .",0.83,masc,1,1,1,True,3,3,0,
437,437,810,"You might not want to hang out with Samantha , but you 'll probably see a bit of yourself in her unfinished story .",0.64,femm,1,0,1,True,2,2,1,
439,439,2921,It 's clear that Mehta simply wanted to update her beloved genre for the thousands of Indians who fancy themselves too sophisticated for the cheese-laced spectacles that pack 'em in on the subcontinent .,0.49,femm,1,0,1,True,2,2,1,
441,441,5894,"Hardman is a grating , mannered onscreen presence , which is especially unfortunate in light of the fine work done by most of the rest of her cast .",0.42,femm,1,0,1,True,2,2,1,
443,443,5113,"Ignoring that , he made Swimfan anyway",0.32,masc,1,1,1,True,3,3,0,
447,447,1055,Majidi gets uniformly engaging performances from his largely amateur cast .,0.76,masc,1,0,1,True,2,2,1,
448,448,929,Japan 's premier stylist of sex and blood hits audiences with what may be his most demented film to date .,0.68,masc,1,1,1,True,3,3,0,
449,449,5542,"His best film remains his shortest , The Hole , which makes many of the points that this film does but feels less repetitive .",0.56,masc,1,0,1,True,2,2,1,
451,451,7899,"( Lee ) treats his audience the same way that Jim Brown treats his women -- as dumb , credulous , unassuming , subordinate subjects .",0.15,masc,1,0,1,True,2,2,1,
452,452,1887,"Liman , of Swingers and Go , makes his big-budget action film debut something of a clunker as he delivers a long , low-heat chase , interrupted by a middling car chase .",0.29,masc,1,1,1,True,3,3,0,
456,456,3498,"Mostly , ( Goldbacher ) just lets her complicated characters be unruly , confusing and , through it all , human .",0.64,femm,1,1,1,True,3,3,0,
457,457,1423,"When Perry fists a bull at the Moore Farm , it 's only a matter of time before he gets the upper hand in matters of the heart .",0.56,masc,1,1,1,True,3,3,0,
458,458,103,So refreshingly incisive is Grant that for the first time he 'll probably appeal more to guys than to their girlfriends who drag them to this movie for the Hugh factor .,0.67,masc,1,1,0,True,2,2,1,
461,461,3453,"MacDowell ... gives give a solid , anguished performance that eclipses nearly everything else she 's ever done .",0.83,femm,1,1,1,True,3,3,0,
462,462,3985,"Maggie Smith as the Ya-Ya member with the O2-tank will absolutely crack you up with her crass , then gasp for gas , verbal deportment .",0.83,femm,1,1,1,True,3,3,0,
463,463,837,"This is an egotistical endeavor from the daughter of horror director Dario Argento ( a producer here ) , but her raw performance and utter fearlessness make it strangely magnetic .",0.74,femm,1,0,1,True,2,2,1,
464,464,364,It 's hard to imagine Alan Arkin being better than he is in this performance .,0.79,masc,1,1,1,True,3,3,0,
469,469,5188,Director Roger Michell does so many of the little things right that it 's difficult not to cuss him out severely for bungling the big stuff .,0.42,masc,1,0,1,True,2,2,1,
470,470,3736,Noyce creates a film of near-hypnotic physical beauty even as he tells a story as horrifying as any in the heart-breakingly extensive annals of white-on-black racism .,0.6,masc,1,1,1,True,3,3,0,
471,471,790,Her delivery and timing are flawless .,0.99,femm,1,1,1,True,3,3,0,
472,472,7518,"To the filmmakers , Ivan is a prince of a fellow , but he comes across as shallow and glib though not mean-spirited , and there 's no indication that he 's been responsible for putting together any movies of particular value or merit .",0.22,masc,1,1,1,True,3,3,0,
475,475,4536,"Director Tom Dey demonstrated a knack for mixing action and idiosyncratic humor in his charming 2000 debut Shanghai Noon , but Showtime 's uninspired send-up of TV cop show cliches mostly leaves him shooting blanks .",0.71,masc,1,1,1,True,3,3,0,
477,477,5687,"Affleck merely creates an outline for a role he still needs to grow into , a role that Ford effortlessly filled with authority .",0.58,masc,1,0,1,True,2,2,1,
478,478,4922,"Feels like the work of someone who may indeed have finally aged past his prime ... and , perhaps more than he realizes , just wants to be liked by the people who can still give him work .",0.31,masc,1,1,1,True,3,3,0,
480,480,5451,"I highly recommend Irwin , but not in the way this film showcases him .",0.58,masc,1,0,1,True,2,2,1,
483,483,4372,"As is often the case with ambitious , eager first-time filmmakers , Mr. Murray , a prolific director of music videos , stuffs his debut with more plot than it can comfortably hold .",0.35,masc,1,1,1,True,3,3,0,
485,485,1910,"( Hayek ) throws herself into this dream Hispanic role with a teeth-clenching gusto , she strikes a potent chemistry with Molina and she gradually makes us believe she is Kahlo .",0.85,femm,1,0,1,True,2,2,1,
486,486,926,"... a cute and sometimes side-splittingly funny blend of Legally Blonde and Drop Dead Gorgeous , starring Piper Perabo in what could be her breakthrough role .",0.85,femm,1,0,1,True,2,2,1,
489,489,2049,The difference between Cho and most comics is that her confidence in her material is merited .,0.61,femm,1,1,1,True,3,3,0,
490,490,1241,"Despite her relentless vim and winsome facial symmetry , Witherspoon is just too dialed-up to be America 's Sweetheart .",0.4,femm,1,1,1,True,3,3,0,
491,491,7789,"directed in a flashy , empty sub-music video style by a director so self-possessed he actually adds a period to his first name",0.44,masc,1,0,1,True,2,2,1,
492,492,1165,He has not learnt that storytelling is what the movies are about .,0.19,masc,1,1,1,True,3,3,0,
493,493,1017,"It 's ( Ricci 's ) best work yet , this girl-woman who sincerely believes she can thwart the world 's misery with blind good will .",0.89,femm,1,1,1,True,3,3,0,
494,494,4664,"However stale the material , Lawrence 's delivery remains perfect ; his great gift is that he can actually trick you into thinking some of this worn-out , pandering palaver is actually funny .",0.6,masc,1,1,1,True,3,3,0,
496,496,6932,"About Amy 's cuteness , Amy 's career success ( she 's a best-selling writer of self-help books who ca n't help herself ) , and Amy 's neuroses when it comes to men .",0.5,femm,0,1,1,True,2,2,1,
497,497,6925,Is n't it a bit early in his career for director Barry Sonnenfeld to do a homage to himself ?,0.28,masc,1,1,1,True,3,3,0,
498,498,6735,"No cute factor here ... Not that I mind ugly ; the problem is he has no character , loveable or otherwise .",0.17,masc,1,1,1,True,3,3,0,
499,499,5147,"Jones helps breathe some life into the insubstantial plot , but even he is overwhelmed by predictability .",0.5,masc,1,0,1,True,2,2,1,
500,500,4318,"Bisset delivers a game performance , but she is unable to save the movie .",0.57,femm,1,1,1,True,3,3,0,
501,501,2540,Brosnan gives a portrayal as solid and as perfect as his outstanding performance as Bond in Die Another Day .,0.81,masc,1,1,1,True,3,3,0,
502,502,3171,He thinks the film is just as much a document about him as it is about the subject .,0.39,masc,0,1,1,True,2,2,1,
506,506,8243,"Birot creates a drama with such a well-defined sense of place and age -- as in , 15 years old -- that the torments and angst become almost as operatic to us as they are to her characters .",0.65,femm,1,1,1,True,3,3,0,
509,509,464,"As if to prove a female director can make a movie with no soft edges , Kathryn Bigelow offers no sugar-coating or interludes of lightness .",0.69,femm,1,1,1,True,3,3,0,
510,510,2187,See it for his performance if nothing else .,0.72,masc,1,1,1,True,3,3,0,
514,514,860,He does this so well you do n't have the slightest difficulty accepting him in the role .,0.86,masc,1,1,1,True,3,3,0,
515,515,198,"Without heavy-handedness , Dong provides perspective with his intelligent grasp of human foibles and contradictions .",0.75,masc,1,1,1,True,3,3,0,
516,516,5590,"Ms. Phoenix is completely lacking in charm and charisma , and is unable to project either Esther 's initial anomie or her eventual awakening .",0.11,femm,1,1,1,True,3,3,0,
517,517,2257,And he allows a gawky actor like Spall -- who could too easily become comic relief in any other film -- to reveal his impressively delicate range .,0.79,masc,1,1,1,True,3,3,0,
518,518,5993,"Despite Hoffman 's best efforts , Wilson remains a silent , lumpish cipher ; his encounters reveal nothing about who he is or who he was before .",0.43,masc,1,0,1,True,2,2,1,
521,521,774,"Bright seems alternately amused and disgusted with this material , and he ca n't help throwing in a few of his own touches .",0.57,masc,1,1,1,True,3,3,0,
524,524,3040,The banter between Calvin and his fellow barbers feels like a streetwise McLaughlin Group ... and never fails to entertain .,0.72,masc,1,0,1,True,2,2,1,
525,525,1834,As Warren he stumbles in search of all the emotions and life experiences he 's neglected over the years .,0.49,masc,1,0,1,True,2,2,1,
526,526,6269,He gets his secretary to fax it . '',0.49,masc,1,0,1,True,2,2,1,
527,527,3132,"If you thought Tom Hanks was just an ordinary big-screen star , wait until you 've seen him eight stories tall .",0.6,masc,1,0,1,True,2,2,1,
529,529,1322,"Acting , particularly by Tambor , almost makes `` Never Again '' worthwhile , but ( writer\/director ) Schaeffer should follow his titular advice",0.39,masc,1,0,1,True,2,2,1,
532,532,665,Sometimes seems less like storytelling than something the otherwise compelling director needed to get off his chest .,0.28,masc,1,0,1,True,2,2,1,
533,533,7440,"Instead of trying to bust some blondes , ( Diggs ) should be probing why a guy with his talent ended up in a movie this bad .",0.24,masc,1,0,1,True,2,2,1,
535,535,5225,"We hate ( Madonna ) within the film 's first five minutes , and she lacks the skill or presence to regain any ground .",0.26,femm,1,1,1,True,3,3,0,
536,536,3139,"She 's as rude and profane as ever , always hilarious and , most of the time , absolutely right in her stinging social observations .",0.82,femm,1,1,1,True,3,3,0,
537,537,2857,Polanski has found the perfect material with which to address his own World War II experience in his signature style .,0.82,masc,1,1,1,True,3,3,0,
540,540,316,Mr. Koshashvili is a director to watch .,0.83,masc,1,1,1,True,3,3,0,
541,541,125,"In Fessenden 's horror trilogy , this theme has proved important to him and is especially so in the finale .",0.68,masc,0,1,1,True,2,2,1,
542,542,5014,"Twenty-three movies into a mostly magnificent directorial career , Clint Eastwood 's efficiently minimalist style finally has failed him .",0.28,masc,1,1,1,True,3,3,0,
543,543,7309,"Feels like the work of an artist who is simply tired -- of fighting the same fights , of putting the weight of the world on his shoulders , of playing with narrative form .",0.25,masc,1,1,1,True,3,3,0,
544,544,6888,Robin Williams departs from his fun friendly demeanor in exchange for a darker unnerving role .,0.58,masc,1,1,1,True,3,3,0,
545,545,1070,"I felt sad for Lise not so much because of what happens as because she was captured by this movie when she obviously belongs in something lighter and sunnier , by Rohmer , for example .",0.49,femm,0,1,1,True,2,2,1,
551,551,1434,"All Ms. Jovovich , as the sanctified heroine , has to do is look radiant , grimly purposeful and mildly alarmed while forcing open doors , wielding wrenches and fleeing monsters .",0.46,femm,1,1,1,True,3,3,0,
552,552,4107,"Please , someone , stop Eric Schaeffer before he makes another film .",0.08,masc,1,1,1,True,3,3,0,
555,555,2871,"The film 's appeal has a lot to do with the casting of Juliette Binoche as Sand , who brings to the role her pale , dark beauty and characteristic warmth .",0.64,femm,1,1,0,True,2,2,1,
559,559,591,Haynes has so fanatically fetishized every bizarre old-movie idiosyncrasy with such monastic devotion you 're not sure if you should applaud or look into having him committed .,0.44,masc,1,0,1,True,2,2,1,
560,560,4217,"The director and her capable cast appear to be caught in a heady whirl of New Age-inspired good intentions , but the spell they cast is n't the least bit mesmerizing .",0.47,femm,1,1,1,True,3,3,0,
563,563,3517,What 's so striking about Jolie 's performance is that she never lets her character become a caricature -- not even with that radioactive hair .,0.74,femm,1,1,1,True,3,3,0,
565,565,827,"( director ) O'Fallon manages to put some lovely pictures up on the big screen , but his skill at telling a story -- he also contributed to the screenplay -- falls short .",0.18,masc,1,0,1,True,2,2,1,
566,566,1099,To say Analyze That is De Niro 's best film since Meet the Parents sums up the sad state of his recent career .,0.42,masc,1,1,1,True,3,3,0,
567,567,4756,( MacDowell ) ventures beyond her abilities several times here and reveals how bad an actress she is .,0.15,femm,1,1,1,True,3,3,0,
568,568,1644,Romanek 's themes are every bit as distinctive as his visuals .,0.82,masc,1,1,1,True,3,3,0,
570,570,2812,"Instead , she sees it as a chance to revitalize what is and always has been remarkable about clung-to traditions .",0.68,femm,1,1,1,True,3,3,0,
572,572,136,Writer\/director Alexander Payne ( Election ) and his co-writer Jim Taylor brilliantly employ their quirky and fearless ability to look American angst in the eye and end up laughing .,0.75,masc,1,0,1,True,2,2,1,
573,573,2037,The Marquis de Sade could n't have been as dull a person as this film makes him out to be .,0.47,masc,0,1,1,True,2,2,1,
575,575,1784,Aaliyah rarely dampens her diva persona enough to spark genuine chemistry with Townsend .,0.46,femm,1,1,1,True,3,3,0,
576,576,7177,"McKay shows crushingly little curiosity about , or is ill-equipped to examine , the interior lives of the characters in his film , much less incorporate them into his narrative .",0.17,masc,1,1,1,True,3,3,0,
577,577,5429,"Granddad of Le Nouvelle Vague , Jean-Luc Godard continues to baffle the faithful with his games of hide-and-seek .",0.46,masc,1,1,1,True,3,3,0,
580,580,710,"It 's hard not to be seduced by ( Witherspoon 's ) charisma , even in this run-of-the-mill vehicle , because this girl knows how to drive it to the max .",0.79,femm,1,1,1,True,3,3,0,
581,581,7809,"When ( Reno ) lets her radical flag fly , taking angry potshots at George W. Bush , Henry Kissinger , Larry King , et al. , Reno devolves into a laugh-free lecture .",0.39,femm,0,1,1,True,2,2,1,
582,582,7724,"Kapur fails to give his audience a single character worth rooting for ( or worth rooting against , for that matter ) .",0.38,masc,1,1,1,True,3,3,0,
586,586,3339,It says a lot about a filmmaker when he can be wacky without clobbering the audience over the head and still maintain a sense of urgency and suspense .,0.51,masc,1,1,1,True,3,3,0,
587,587,5990,"Twenty years later , Reggio still knows how to make a point with poetic imagery , but his ability to startle has been stifled by the very prevalence of the fast-forward technology that he so stringently takes to task .",0.5,masc,1,0,1,True,2,2,1,
590,590,2243,"( Dong ) makes a valiant effort to understand everyone 's point of view , and he does such a good job of it that Family Fundamentals gets you riled up .",0.81,masc,1,1,1,True,3,3,0,
593,592,739,"Whether or not you buy Mr. Broomfield 's findings , the film acquires an undeniable entertainment value as the slight , pale Mr. Broomfield continues to force himself on people and into situations that would make lesser men run for cover .",0.72,masc,1,1,1,True,3,3,0,
594,593,584,Eyre is on his way to becoming the American Indian Spike Lee .,0.79,masc,1,1,1,True,3,3,0,
595,594,7063,"It puts Washington , as honest working man John Q. Archibald , on a pedestal , then keeps lifting the pedestal higher .",0.61,masc,0,1,1,True,2,2,1,
596,595,2268,"Nicole Kidman evolved from star to superstar some time over the past year , which means that Birthday Girl is the kind of quirkily appealing minor movie she might not make for a while .",0.78,femm,1,1,0,True,2,2,1,
598,597,1845,"All three actresses are simply dazzling , particularly Balk , who 's finally been given a part worthy of her considerable talents .",0.81,femm,1,1,1,True,3,3,0,
600,599,7044,"The star who helped give a spark to `` Chasing Amy '' and `` Changing Lanes '' falls flat as thinking man CIA agent Jack Ryan in this summer 's new action film , `` The Sum of All Fears . ''",0.22,masc,0,1,1,True,2,2,1,
601,600,6886,"Directed by Kevin Bray , whose crisp framing , edgy camera work , and wholesale ineptitude with acting , tone and pace very obviously mark him as a video helmer making his feature debut .",0.76,masc,1,1,1,True,3,3,0,
604,603,209,"( Chaiken 's ) talent lies in an evocative , accurate observation of a distinctive milieu and in the lively , convincing dialogue she creates for her characters .",0.75,femm,1,1,1,True,3,3,0,
605,604,3605,"Sometimes we feel as if the film careens from one colorful event to another without respite , but sometimes it must have seemed to Frida Kahlo as if her life did , too .",0.5,femm,0,1,1,True,2,2,1,
606,605,827,"Lohman adapts to the changes required of her , but the actress and director Peter Kosminsky never get the audience to break through the wall her character erects",0.44,femm,0,1,1,True,2,2,1,
609,608,320,"Mr. Tsai is a very original artist in his medium , and What Time Is It There ?",0.83,masc,1,1,1,True,3,3,0,
610,609,1132,"While GuzmÃ¡n frustratingly refuses to give Pinochet 's crimes a political context , his distance from the material is mostly admirable .",0.54,masc,1,1,1,True,3,3,0,
611,610,3068,Greg Kinnear gives a mesmerizing performance as a full-fledged sex addict who is in complete denial about his obsessive behavior .,0.83,masc,1,1,1,True,3,3,0,
614,613,1100,"Schaeffer has to find some hook on which to hang his persistently useless movies , and it might as well be the resuscitation of the middle-aged character .",0.28,masc,1,1,1,True,3,3,0,
615,614,975,"Ramsay is clearly extraordinarily talented , and based on three short films and two features , here 's betting her third feature will be something to behold .",0.82,femm,1,1,1,True,3,3,0,
616,615,2092,"Hashiguchi covers this territory with wit and originality , suggesting that with his fourth feature -- the first to be released in the U.S. -- a major director is emerging in world cinema .",0.82,masc,1,1,1,True,3,3,0,
617,616,4141,"In fact , it does n't even seem like she tried .",0.19,femm,1,1,1,True,3,3,0,
619,618,7232,Bravo reveals the true intent of her film by carefully selecting interview subjects who will construct a portrait of Castro so predominantly charitable it can only be seen as propaganda .,0.49,femm,1,1,1,True,3,3,0,
622,621,1648,"The work of an artist tormented by his heritage , using his storytelling ability to honor the many faceless victims .",0.67,masc,1,1,1,True,3,3,0,
623,622,1437,She boxes these women 's souls right open for us .,0.75,femm,1,1,1,True,3,3,0,
624,623,1655,The viewer takes great pleasure in watching the resourceful Molly stay a step ahead of her pursuers .,0.76,femm,1,1,1,True,3,3,0,
625,624,4989,"Sheridan had a wonderful account to work from , but , curiously , he waters it down , turning grit and vulnerability into light reading .",0.33,masc,1,1,1,True,3,3,0,
626,625,312,"Roman Coppola may never become the filmmaker his Dad was , but heck -- few filmmakers will .",0.64,masc,0,1,1,True,2,2,1,
631,630,4102,"Somewhere in the middle , the film compels , as Demme experiments he harvests a few movie moment gems , but the field of roughage dominates .",0.58,masc,1,1,1,True,3,3,0,
634,633,102,"Huppert 's show to steal and she makes a meal of it , channeling Kathy Baker 's creepy turn as the repressed mother on Boston Public just as much as 8 Women 's Augustine .",0.61,femm,1,1,1,True,3,3,0,
635,634,6051,"As a director , Eastwood is off his game -- there 's no real sense of suspense , and none of the plot ` surprises ' are really surprising .",0.19,masc,1,1,1,True,3,3,0,
636,635,3927,Move over Bond , this girl deserves a sequel .,0.89,femm,1,1,1,True,3,3,0
638,637,326,"... Tunney is allowed to build an uncommonly human character , an almost real-live girl complete with trouble and hope .",0.6,femm,1,1,1,True,3,3,0,
641,640,2959,"Instead , he focuses on the anguish that can develop when one mulls leaving the familiar to traverse uncharted ground .",0.6,masc,1,1,1,True,3,3,0,
643,642,3873,If you open yourself up to Mr. Reggio 's theory of this imagery as the movie 's set ... it can impart an almost visceral sense of dislocation and change .,0.78,masc,0,1,1,True,2,2,1,
644,643,1105,"There is no insight into the anguish of Heidi 's life -- only a depiction of pain , today 's version of Greek tragedy , the talk-show guest decrying her fate .",0.6,femm,0,1,1,True,2,2,1,
646,645,3231,"Delia , Greta , and Paula rank as three of the most multilayered and sympathetic female characters of the year .",0.88,femm,0,1,1,True,2,2,1,
647,646,1337,He nonetheless appreciates the art and reveals a music scene that transcends culture and race .,0.82,masc,1,1,1,True,3,3,0,
649,648,919,"Watching War Photographer , you come to believe that Nachtwey hates the wars he shows and empathizes with the victims he reveals .",0.69,masc,0,1,1,True,2,2,1,
650,649,7541,"` In this poor remake of such a well loved classic , Parker exposes the limitations of his skill and the basic flaws in his vision . '",0.11,masc,1,1,1,True,3,3,0,
653,652,1454,"Fontaine 's direction , especially her agreeably startling use of close-ups and her grace with a moving camera , creates sheerly cinematic appeal .",0.81,femm,1,1,1,True,3,3,0,
654,653,5790,"once she lets her love depraved leads meet , ( Denis ' ) story becomes a hopeless , unsatisfying muddle",0.18,femm,0,1,1,True,2,2,1,
655,654,4653,"Weirdly , Broomfield has compelling new material but he does n't unveil it until the end , after endless scenes of him wheedling reluctant witnesses and pointing his camera through the smeared windshield of his rental car .",0.24,masc,1,1,1,True,3,3,0,
656,655,3620,"Ana 's journey is not a stereotypical one of self-discovery , as she 's already comfortable enough in her own skin to be proud of her Rubenesque physique ...",0.56,femm,1,1,1,True,3,3,0,
659,658,7086,"No , I do n't know why Steven Seagal is considered a star , nor why he keeps being cast in action films when none of them are ever any good or make any money .",0.33,masc,0,1,1,True,2,2,1,
660,659,3407,"With an admirably dark first script by Brent Hanley , Paxton , making his directorial feature debut , does strong , measured work .",0.88,masc,0,1,1,True,2,2,1,
661,660,4126,"Though her fans will assuredly have their funny bones tickled , others will find their humor-seeking dollars best spent elsewhere .",0.31,femm,1,1,1,True,3,3,0,
663,662,2678,Forget about one Oscar nomination for Julianne Moore this year - she should get all five .,0.96,femm,1,1,1,True,3,3,0,
666,665,2340,"As Janice , Eileen Walsh , an engaging , wide-eyed actress whose teeth are a little too big for her mouth , infuses the movie with much of its slender , glinting charm .",0.67,femm,1,1,1,True,3,3,0,
668,667,5944,( Seagal 's ) strenuous attempt at a change in expression could very well clinch him this year 's Razzie .,0.26,masc,1,1,1,True,3,3,0,
669,668,7256,"Fans of Plympton 's shorts may marginally enjoy the film , but it is doubtful this listless feature will win him any new viewers .",0.25,masc,1,1,1,True,3,3,0,
670,669,3060,( Ferrera ) has the charisma of a young woman who knows how to hold the screen .,0.82,femm,1,1,1,True,3,3,0,
671,670,1457,"... a visually seductive , unrepentantly trashy take on Rice 's second installment of her Vampire Chronicles .",0.6,femm,0,1,1,True,2,2,1,
672,671,555,Davis ... gets vivid performances from her cast and pulls off some deft Ally McBeal-style fantasy sequences .,0.89,femm,1,1,1,True,3,3,0,
673,672,217,Moore 's performance impresses almost as much as her work with Haynes in 1995 's Safe .,0.68,femm,1,1,1,True,3,3,0,
674,673,712,"Wiseman is patient and uncompromising , letting his camera observe and record the lives of women torn apart by a legacy of abuse .",0.65,masc,1,1,1,True,3,3,0,
675,674,1150,But an unwillingness to explore beyond the surfaces of her characters prevents Nettelbeck 's film from coming together .,0.32,femm,1,1,1,True,3,3,0,
678,677,4912,"When Mr. Hundert tells us in his narration that ` this is a story without surprises , ' we nod in agreement .",0.4,masc,1,1,1,True,3,3,0,
681,680,589,"Even with a green Mohawk and a sheet of fire-red flame tattoos covering his shoulder , however , Kilmer seems to be posing , rather than acting .",0.28,masc,0,1,1,True,2,2,1,
683,682,4943,"Cattaneo should have followed the runaway success of his first film , The Full Monty , with something different .",0.44,masc,1,1,1,True,3,3,0,
685,684,2964,"But Kouyate elicits strong performances from his cast , and he delivers a powerful commentary on how governments lie , no matter who runs them .",0.79,masc,1,1,1,True,3,3,0,
686,685,196,She must have a very strong back .,0.62,femm,1,1,1,True,3,3,0,
687,686,6248,"The narrator and the other characters try to convince us that acting transfigures Esther , but she 's never seen speaking on stage ; one feels cheated , and Esther seems to remain an unchanged dullard .",0.26,femm,1,1,1,True,3,3,0,
691,690,5416,It 's impossible to indulge the fanciful daydreams of Janice Beard ( Eileen Walsh ) when her real-life persona is so charmless and vacant .,0.31,femm,1,1,1,True,3,3,0,
692,691,1055,"Lead actress GaÃ¯ , she of the impossibly long limbs and sweetly conspiratorial smile , is a towering siren .",0.88,femm,1,1,1,True,3,3,0,
693,692,2841,"The pain , loneliness and insecurity of the screenwriting process are vividly and painfully brought to slovenly life in this self-deprecating , biting and witty feature written by Charlie Kaufman and his twin brother , Donald , and directed by Spike Jonze .",0.76,masc,0,1,1,True,2,2,1,
695,694,2634,Aniston has at last decisively broken with her Friends image in an independent film of satiric fire and emotional turmoil .,0.71,femm,1,1,1,True,3,3,0,
697,696,4033,"What might have been readily dismissed as the tiresome rant of an aging filmmaker still thumbing his nose at convention takes a surprising , subtle turn at the midway point .",0.31,masc,0,1,1,True,2,2,1,
698,697,3271,Just watch Bettany strut his stuff .,0.58,masc,1,1,1,True,3,3,0,
699,698,6060,"` Butterfingered ' is the word for the big-fisted direction of Jez Butterworth , who manages to blast even the smallest sensitivities from the romance with his clamorous approach .",0.35,masc,1,1,1,True,3,3,0,
700,699,4651,"If Welles was unhappy at the prospect of the human race splitting in two , he probably would n't be too crazy with his great-grandson 's movie splitting up in pretty much the same way .",0.25,masc,0,1,1,True,2,2,1,
701,700,6143,A grand fart coming from a director beginning to resemble someone 's crazy French grandfather .,0.1,masc,1,1,1,True,3,3,0,
702,701,1948,"She nearly glows with enthusiasm , sensuality and a conniving wit .",0.74,femm,1,1,1,True,3,3,0,
703,702,5458,Diaz wears out her welcome in her most charmless performance,0.11,femm,1,1,1,True,3,3,0,
704,703,5761,"Lucy 's a dull girl , that 's all .",0.36,femm,1,1,1,True,3,3,0,
705,704,6360,"Where Tom Green stages his gags as assaults on America 's knee-jerk moral sanctimony , Jackass lacks aspirations of social upheaval .",0.22,masc,1,1,0,True,2,2,1,
706,705,1360,Wallace seems less like he 's been burning to tell a war story than he 's been itching to somehow tack one together,0.44,masc,1,1,1,True,3,3,0,
707,706,4145,"The biggest problem with Roger Avary 's uproar against the MPAA is that , even in all its director 's cut glory , he 's made a film that 's barely shocking , barely interesting and most of all , barely anything .",0.14,masc,1,1,1,True,3,3,0,
708,707,1810,"Although What Time offers Tsai 's usual style and themes , it has a more colorful , more playful tone than his other films .",0.81,masc,1,1,1,True,3,3,0,
711,710,194,"With Dirty Deeds , David Caesar has stepped into the mainstream of filmmaking with an assurance worthy of international acclaim and with every cinematic tool well under his control -- driven by a natural sense for what works on screen .",0.82,masc,1,1,1,True,3,3,0,
712,711,5059,It is not the first time that director Sara Sugarman stoops to having characters drop their pants for laughs and not the last time she fails to provoke them .,0.11,femm,1,1,1,True,3,3,0,
713,712,4926,Sayles ... once again strands his superb performers in the same old story .,0.38,masc,1,1,1,True,3,3,0,
714,713,3228,"Miyazaki 's nonstop images are so stunning , and his imagination so vivid , that the only possible complaint you could have about Spirited Away is that there is no rest period , no timeout .",0.86,masc,1,1,1,True,3,3,0,
717,716,6647,"The biggest problem I have ( other than the very sluggish pace ) is we never really see her Esther blossom as an actress , even though her talent is supposed to be growing .",0.21,femm,1,1,1,True,3,3,0,
718,717,331,"MacDowell , whose wifty Southern charm has anchored lighter affairs ... brings an absolutely riveting conviction to her role .",0.75,femm,1,1,1,True,3,3,0,
719,718,3520,Kinnear ... gives his best screen performance with an oddly winning portrayal of one of life 's ultimate losers .,0.83,masc,1,1,1,True,3,3,0,
720,719,8212,"You come away thinking not only that Kate is n't very bright , but that she has n't been worth caring about and that maybe she , Janine and Molly -- an all-woman dysfunctional family -- deserve one another .",0.31,femm,1,1,1,True,3,3,0,
721,720,8301,"What we have is a character faced with the possibility that her life is meaningless , vapid and devoid of substance , in a movie that is definitely meaningless , vapid and devoid of substance .",0.06,femm,0,1,1,True,2,2,1,
722,721,1211,Irwin is so earnest that it 's hard to resist his pleas to spare wildlife and respect their environs .,0.83,masc,1,1,1,True,3,3,0,
725,724,1709,Meyjes ... has done his homework and soaked up some jazzy new revisionist theories about the origins of Nazi politics and aesthetics .,0.72,masc,1,1,1,True,3,3,0,
726,725,1297,"But though he only scratches the surface , at least he provides a strong itch to explore more .",0.72,masc,1,1,1,True,3,3,0,
727,726,2545,It finds its moviegoing pleasures in the tiny events that could make a person who has lived her life half-asleep suddenly wake up and take notice .,0.68,femm,1,1,0,True,2,2,1,
732,731,4571,LaBute was more fun when his characters were torturing each other psychologically and talking about their genitals in public .,0.51,masc,1,1,1,True,3,3,0,
733,732,6110,"Her film is like a beautiful food entrÃ©e that is n't heated properly , so that it ends up a bit cold and relatively flavorless .",0.24,femm,1,1,1,True,3,3,0,
736,735,37,"Like Mike is a winner for kids , and no doubt a winner for Lil Bow Wow , who can now add movies to the list of things he does well .",0.9,masc,1,1,1,True,3,3,0,
737,736,2078,On the right track to something that 's creepy and effective ... It 's just going to take more than a man in a Bullwinkle costume to get there .,0.28,masc,0,1,1,True,2,2,1,
738,737,4599,There are now two signs that M. Night Shyamalan 's debut feature sucked up all he has to give to the mystic genres of cinema : Unbreakable and Signs .,0.17,masc,1,1,1,True,3,3,0,
739,738,6517,Bella is the picture of health with boundless energy until a few days before she dies .,0.5,femm,1,1,1,True,3,3,0,
740,739,1216,"Roger Michell , who did an appealing job directing Persuasion and Notting Hill in England , gets too artsy in his American debut .",0.64,masc,1,1,1,True,3,3,0,
741,740,917,"With Notorious C.H.O. Cho proves she has the stuff to stand tall with Pryor , Carlin and Murphy .",0.75,femm,1,1,1,True,3,3,0,
742,741,5107,"Benigni presents himself as the boy puppet Pinocchio , complete with receding hairline , weathered countenance and American Breckin Meyer 's ridiculously inappropriate Valley Boy voice .",0.46,masc,1,1,1,True,3,3,0,
743,742,45,"Karmen moves like rhythm itself , her lips chanting to the beat , her long , braided hair doing little to wipe away the jeweled beads of sweat .",0.58,femm,1,1,1,True,3,3,0,
746,745,465,Her film is unrelentingly claustrophobic and unpleasant .,0.06,femm,1,1,1,True,3,3,0,
751,750,696,"The Bai brothers have taken an small slice of history and opened it up for all of us to understand , and they 've told a nice little story in the process .",0.83,masc,0,1,1,True,2,2,1,
752,751,1777,"13 Conversations may be a bit too enigmatic and overly ambitious to be fully successful , but Sprecher and her screenwriting partner and sister , Karen Sprecher , do n't seem ever to run out of ideas .",0.4,femm,0,1,1,True,2,2,1,
753,752,5404,"As the sulking , moody male hustler in the title role , ( Franco ) has all of Dean 's mannerisms and self-indulgence , but none of his sweetness and vulnerability .",0.32,masc,1,1,1,True,3,3,0,
754,753,5181,"Queen of the Damned as you might have guessed , makes sorry use of Aaliyah in her one and only starring role -- she does little here but point at things that explode into flame .",0.29,femm,0,1,1,True,2,2,1,
756,755,3428,Count on his movie to work at the back of your neck long after you leave the theater .,0.5,masc,1,0,1,True,2,2,1,
757,756,3037,"With an obvious rapport with her actors and a striking style behind the camera , HÃ©lÃ¨ne Angel is definitely a director to watch .",0.88,femm,1,1,1,True,3,3,0,
759,758,3742,"This is one of Mr. Chabrol 's subtlest works , but also one of his most uncanny .",0.76,masc,1,1,1,True,3,3,0,
761,760,4556,"Davis has energy , but she does n't bother to make her heroine 's book sound convincing , the gender-war ideas original , or the comic scenes fly .",0.53,femm,1,1,1,True,3,3,0,
764,763,5256,"In any case , I would recommend Big Bad Love only to Winger fans who have missed her since 1995 's Forget Paris .",0.39,femm,1,0,1,True,2,2,1,
765,764,7702,Slap her - she 's not funny !,0.21,femm,1,1,1,True,3,3,0,
768,767,2719,"( Gulpilil ) is a commanding screen presence , and his character 's abundant humanism makes him the film 's moral compass .",0.69,masc,1,1,1,True,3,3,0,
769,768,1695,Jackie Chan movies are a guilty pleasure - he 's easy to like and always leaves us laughing .,0.78,masc,1,1,1,True,3,3,0,
770,769,245,Griffiths proves she 's that rare luminary who continually raises the standard of her profession .,0.83,femm,1,1,1,True,3,3,0,
771,770,6869,"Bray is completely at sea ; with nothing but a Savage Garden music video on his resume , he has no clue about making a movie .",0.11,masc,1,1,1,True,3,3,0,
772,771,1797,"As commander-in-chief of this film , Bigelow demonstrates a breadth of vision and an attention to detail that propels her into the upper echelons of the directing world .",0.85,femm,1,1,1,True,3,3,0,
773,772,995,"A lot of the credit for the film 's winning tone must go to Grant , who has n't lost a bit of the dry humor that first made audiences on both sides of the Atlantic love him .",0.67,masc,1,1,1,True,3,3,0,
774,773,392,"With each of her three protagonists , Miller eloquently captures the moment when a woman 's life , out of a deep-seated , emotional need , is about to turn onto a different path .",0.83,femm,1,1,1,True,3,3,0,
775,774,5568,He has a great cast and a great idea .,0.89,masc,1,1,1,True,3,3,0,
776,775,578,"It 's the perfect star vehicle for Grant , allowing him to finally move away from his usual bumbling , tongue-tied screen persona .",0.67,masc,0,1,1,True,2,2,1,
778,777,4843,Kapur 's contradictory feelings about his material result in a movie that works against itself .,0.32,masc,1,1,1,True,3,3,0,
779,778,2530,Mike Leigh populates his movie with a wonderful ensemble cast of characters that bring the routine day to day struggles of the working class to life,0.86,masc,1,1,1,True,3,3,0,
781,780,2261,"If Reno is to the left of liberal on the political spectrum , her tough , funny , rather chaotic show is n't subversive so much as it is nit-picky about the hypocrisies of our time .",0.54,femm,1,1,1,True,3,3,0,
782,781,964,"Green might want to hang onto that ski mask , as robbery may be the only way to pay for his next project .",0.18,masc,1,1,1,True,3,3,0,
783,782,1234,"She 's all-powerful , a voice for a pop-cyber culture that feeds on her Bjorkness .",0.75,femm,1,1,1,True,3,3,0,
785,784,1243,"Birot is a competent enough filmmaker , but her story has nothing fresh or very exciting about it .",0.25,femm,1,1,1,True,3,3,0,
786,785,549,"The script kicks in , and Mr. Hartley 's distended pace and foot-dragging rhythms follow .",0.39,masc,1,1,1,True,3,3,0,
787,786,1983,"All leather pants & augmented boobs , Hawn is hilarious as she tries to resuscitate the fun-loving libertine lost somewhere inside the conservative , handbag-clutching Sarandon .",0.64,femm,1,1,1,True,3,3,0,
